{
  "build": {
    "arduino": {
      "ldscript": "esp32s3_out.ld",
      "partitions": "default_16MB.csv",
      "memory_type": "qio_opi"
    },
    "core": "esp32",
    "extra_flags": [
      "-DBOARD_HAS_PSRAM",
      "-DARDUINO_USB_MODE=0",
      "-DARDUINO_USB_CDC_ON_BOOT=1",
      "-DARDUINO_RUNNING_CORE=1",
      "-DARDUINO_EVENT_RUNNING_CORE=1"
    ],
    "f_cpu": "240000000L",
    "f_flash": "80000000L",
    "flash_mode": "qio",
    "psram_type": "opi",
    "hwids": [
      ["0x303A", "0x1001"],
      ["0x303A", "0x0002"]
    ],
    "mcu": "esp32s3",
    "variant": "heltec_vision_master_t190"
  },
  "connectivity": ["wifi", "bluetooth", "lora"],
  "debug": {
    "openocd_target": "esp32s3.cfg"
  },
  "frameworks": ["arduino", "espidf"],
  "name": "Heltec Vision Master T190",
  "upload": {
    "flash_size": "16MB",
    "maximum_ram_size": 8388608,
    "maximum_size": 16777216,
    "use_1200bps_touch": true,
    "wait_for_upload_port": true,
    "require_upload_port": true,
    "speed": 921600
  },
  "url": "https://heltec.org/project/vision-master-t190/",
  "vendor": "Heltec"
}
